NO.,ID,NAME,SUB
1,ID001,NAME1,SUB001
2,ID002,NAME2,SUB002
3,ID003,NAME3,SUB003
4,ID004,NAME4,SUB004
5,ID005,NAME5,SUB005
6,ID006,NAME6,SUB006
7,ID007,NAME7,SUB007
8,ID008,NAME8,SUB008
9,ID009,NAME9,SUB009
10,ID010,NAME10,SUB010
11,ID011,NAME11,SUB011
12,ID012,NAME12,SUB012
13,ID013,NAME13,SUB013
14,ID014,NAME14,SUB014
15,ID015,NAME15,SUB015
16,ID016,NAME16,SUB016
17,ID017,NAME17,SUB017
18,ID018,NAME18,SUB018
19,ID019,NAME19,SUB019
20,ID020,NAME20,SUB020
21,ID021,NAME21,SUB021
22,ID022,NAME22,SUB022
23,ID023,NAME23,SUB023
24,ID024,NAME24,SUB024
25,ID025,NAME25,SUB025
26,ID026,NAME26,SUB026
27,ID027,NAME27,SUB027
28,ID028,NAME28,SUB028
29,ID029,NAME29,SUB029
30,ID030,NAME30,SUB030
31,ID031,NAME31,SUB031
32,ID032,NAME32,SUB032
33,ID033,NAME33,SUB033
34,ID034,NAME34,SUB034
35,ID035,NAME35,SUB035
36,ID036,NAME36,SUB036
37,ID037,NAME37,SUB037
38,ID038,NAME38,SUB038
39,ID039,NAME39,SUB039
40,ID040,NAME40,SUB040
41,ID041,NAME41,SUB041
42,ID042,NAME42,SUB042
43,ID043,NAME43,SUB043
44,ID044,NAME44,SUB044
45,ID045,NAME45,SUB045
46,ID046,NAME46,SUB046
47,ID047,NAME47,SUB047
48,ID048,NAME48,SUB048
49,ID049,NAME49,SUB049
50,ID050,NAME50,SUB050
51,ID051,NAME51,SUB051
52,ID052,NAME52,SUB052
53,ID053,NAME53,SUB053
54,ID054,NAME54,SUB054
55,ID055,NAME55,SUB055
56,ID056,NAME56,SUB056
57,ID057,NAME57,SUB057
58,ID058,NAME58,SUB058
59,ID059,NAME59,SUB059
60,ID060,NAME60,SUB060
61,ID061,NAME61,SUB061
62,ID062,NAME62,SUB062
63,ID063,NAME63,SUB063
64,ID064,NAME64,SUB064
65,ID065,NAME65,SUB065
66,ID066,NAME66,SUB066
67,ID067,NAME67,SUB067
68,ID068,NAME68,SUB068
69,ID069,NAME69,SUB069
70,ID070,NAME70,SUB070
71,ID071,NAME71,SUB071
72,ID072,NAME72,SUB072
73,ID073,NAME73,SUB073
74,ID074,NAME74,SUB074
75,ID075,NAME75,SUB075
